expr,mean_time,min_time,median_time,max_time
add_columns,15.553131178800001,14.826771125,15.768456087,16.003969449
