expr,mean_time,min_time,median_time,max_time
add_cols_dt,16.1466851324,15.38814371,16.184419265,16.738942309
