expr,mean_time,min_time,median_time,max_time
read_data_dplyr,51.5679844855,50.46082506,51.5679844855,52.675143911
